{"providers": [
{"type":"bitmap","file":"server:ranks/ceo.png","ascent":7,"height":8,"chars":["👺"]},
{"type":"bitmap","file":"server:ranks/kociak.png","ascent":7,"height":8,"chars":["🦾"]},
{"type":"bitmap","file":"server:ranks/gracz.png","ascent":7,"height":8,"chars":["👁"]},
{"type":"bitmap","file":"server:ranks/diaxkilof.png","ascent":7,"height":8,"chars":["🦿"]},
{"type":"bitmap","file":"server:ranks/moderator.png","ascent":7,"height":8,"chars":["🫆"]},
{"type":"bitmap","file":"server:ranks/senmoderator.png","ascent":7,"height":8,"chars":["🫂"]},
{"type":"bitmap","file":"server:ranks/admin.png","ascent":7,"height":8,"chars":["👄"]},
{"type":"bitmap","file":"server:ranks/jradmin.png","ascent":7,"height":8,"chars":["‍👂"]},
{"type":"bitmap","file":"server:ranks/swagger.png","ascent":7,"height":8,"chars":["🛀"]},
{"type":"bitmap","file":"server:ranks/developer.png","ascent":7,"height":8,"chars":["👃"]},
{"type":"bitmap","file":"server:ranks/manager.png","ascent":7,"height":8,"chars":["🧠"]},
{"type":"bitmap","file":"server:ranks/szef.png","ascent":7,"height":8,"chars":["🤽"]},
{"type":"bitmap","file":"server:ranks/helper.png","ascent":7,"height":8,"chars":["🩸"]},
{"type":"bitmap","file":"server:ranks/budowniczy.png","ascent":7,"height":8,"chars":["👯"]},
{"type":"bitmap","file":"server:ranks/technik.png","ascent":7,"height":8,"chars":["💆"]},
{"type":"bitmap","file":"server:ranks/logomc.png","ascent":7,"height":8,"chars":["🎅"]}
]}